# 数据仓库

[toc]

## MySQL 数据仓库

- 关系型数据仓库 : MySql 和 MariaDB 一个作者
- 服务端可以把数据存储在数据仓库
- 类型
  - 关系型
  - 日志型
  - 文档型
  - 内存型
  - Graph 型

### 安装 MySQL

- [dev.mysql.com/download/mysql](https://dev.mysql.com/downloads/mysql/) 下载
- 下载 dmg 格式的安装包
- 登录 oracel 账号即可下载
- `Use Strong Password Encryption` 使用强密码
- 设置密码需要有大写字母和数字
- 此时在系统设置中会出现 mySQL 的设置选项
  - 可以开关 MySQL 服务
  - 可以在 Configuration 中配置 mySQL

## 数据库客户端

- 可以关系数据库系统
- 安装 MYSQL 后自带了一个命令行工具 , 可以直接使用
- window 安装时会自己携带一个图形化工具
- TablePlus 是一个更简化的数据库客户端

### 命令行工具环境变量

```zsh
mysql # 默认无法使用
/usr/local/mysql/bin/mysql # 此目录可以执行
code ~/.zprofile # 配置环境变量
# export PATH=$PATH:/usr/local/mysql/bin
source ~/.zprofile # 生效配置
mysql # 可以使用了
```

### 命令行工具登录数据库

- 使用`mysql -u root -p -h localhost`登录数据仓库
  - `-u root`设置登录的账户
  - `-p` 需要密码
  - `-n localhost` 要登录的主机 , localhost 是本地主机
    - 不单独设置主机会默认连接本地主机

```zsh
mysql -u root -p -h localhost # 输入密码

mysql> show databases; # 显示所有的数据仓库
```

### 图形化界面的管理软件

- `table plus` 可以连接各种类型的数据库
- 官网下载 : <https://tableplus.com/download>
- 点击 `+` 创建
  - 选择对应的服务器系统类型
  - name : 定义名称
  - host : 数据库服务地址
  - port : 数据库服务端口 , 默认 3306
  - user : 要登录的用户名
  - password : 用户的密码
  - 点击`test`可以测试连接
  - 点击 save 保存
- 点击 SQL 图标
  - 可以输入指令 , `SHOW DATABASES`
  - 点击 run current 可以执行

## 管理数据库

- DDL : data definition language 数据定义语言
- 数据库提供 , 用于管理数据库

### 数据仓库管理

- 创建数据仓库
  - `create database <仓库名称>;`

```zsh
create database xb2_node; # 创建数据库
show databases; # 查看当前数据库
+--------------------+
| Database           |
+--------------------+
| information_schema |
| mysql              |
| performance_schema |
| sys                |
| xb2_node           |
+--------------------+
```

- 查看数据仓库
  - 命令行工具
    - `use <仓库名>;`可以打开某个仓库 , 之后执行的指令就会对这个仓库生效
    - `show tables;` 可以查看当前仓库下的表格们
  - tablePlus
    - 进入数据库之后点击左上角 数据库小图标 , 可以查看所有的数据仓库
    - 点击`tables` 可以查看 所有的表
    - 此时在指令窗口下的指令也都是生效与当前打开仓库的

```zsh
mysql -u root -p
use xb2_node;
show tables;
```

## 数据表格管理

- 创建数据表格 , 执行下面的代码可以创建一个数据表叫 user

```sql
CREATE TABLE `user` (
    `id` INT(11) NOT NULL AUTO_INCREMENT PRIMARY KEY,
    `name` VARCHAR(255) NOT NULL UNIQUE KEY,
    `password` VARCHAR(255) NOT NULL
);
CREATE TABLE `post` (
    `id` INT(11) NOT NULL AUTO_INCREMENT PRIMARY KEY,
    `title` VARCHAR(255) NOT NULL,
    `content` LONGTEXT
)DEFAULT CHARSET=utf8mb4 COLLATE=utf8mb4_unicode_ci;
```

- `INT(11)` 最大长度为 11 的整数类型
- `NOT NULL` 不能为空
- `AUTO_INCREMENT` 第一个是 1 , 后续自动变化增加
- `PRIMARY KEY` 设置为主键
- `VARCHAR` 字符串类型
- `UNIQUE KEY` 需要数据在当前表式唯一的
- `LONGTEXT` 长文本
- `DEFAULT` 设置一些默认配置
- `CHARSET` 字符集
- `COLLATE` 管理选项 , 例如怎么对比 ,怎么排序

- tablePlus 中 command + R 刷新界面就可以看到新创建的表以及数据了
- 点击终端上面structor 可以查看表格的结构

## 数据管理

- 使用`SQL` Structured Query Language 关系型数据库都支持这种语言

### 数据插入 INSERT

```sql
INSERT INTO `post` (`title` , `content`) VALUES
    ('观月山' , '云月出天山,苍茫云海间'),
    ('望岳' , '会当凌绝顶,一览众山小')
    ;
```

- `INSET` 插入数据
- `INTO` 指定插入数据的表
- `` (`title` , `content`) `` 设置要修改的数据
- `VALUS` 后面跟具体插入的数据

### 调取数据 SELECT

- 获取所有的数据
  - `SELECT` 调取数据
  - `*` 所有数据
  - `FROM <表明=名>` 从指定表调取

```sql
SELECT * FROM `post`;
```

```zsh
+----+-----------+---------------------------------+
| id | title     | content                         |
+----+-----------+---------------------------------+
|  1 | 观月山    | 云月出天山,苍茫云海间           |
|  2 | 望岳      | 会当凌绝顶,一览众山小           |
+----+-----------+---------------------------------+
2 rows in set (0.00 sec)
```

- 获取指定数量的数据
  - `LIMIT <数量>`
  - `OFFSET <偏移量>` 从第几项之后开始

```sql
SELECT * FROM `post` LIMIT 1;
SELECT * FROM `post` LIMIT 1 OFFSET 1;
```

```zsh
+----+-----------+---------------------------------+
| id | title     | content                         |
+----+-----------+---------------------------------+
|  1 | 观月山    | 云月出天山,苍茫云海间           |
+----+-----------+---------------------------------+
1 row in set (0.00 sec)

+----+--------+---------------------------------+
| id | title  | content                         |
+----+--------+---------------------------------+
|  2 | 望岳   | 会当凌绝顶,一览众山小           |
+----+--------+---------------------------------+
1 row in set (0.00 sec)
```

- 查询指定字段

```sql
SELECT `id`,`title` FROM `post`;
```

```zsh
+----+-----------+
| id | title     |
+----+-----------+
|  1 | 观月山    |
|  2 | 望岳      |
+----+-----------+
2 rows in set (0.01 sec)
```

- 筛选条件
  - `WHERE <条件>`

```sql
SELECT `id`,`title` FROM `post` WHERE id=1;
```

```zsh
+----+-----------+
| id | title     |
+----+-----------+
|  1 | 观月山    |
+----+-----------+
1 row in set (0.01 sec)
```

- 排序方式
  - `ORDER BY <排序参考字段> <排序方式>`
  - `DESC` 降序排序
  - `ASC` 升序

```sql
SELECT `id`,`title` FROM `post` ORDER BY `id` DESC;
SELECT `id`,`title` FROM `post` ORDER BY `id` ASC;
```

```zsh
+----+-----------+
| id | title     |
+----+-----------+
|  2 | 望岳      |
|  1 | 观月山    |
+----+-----------+
2 rows in set (0.00 sec)

+----+-----------+
| id | title     |
+----+-----------+
|  1 | 观月山    |
|  2 | 望岳      |
+----+-----------+
2 rows in set (0.00 sec)
```

### 更新数据 UPDATE

- 先插入一条带空字段的数据

```sql
INSERT INTO `post` (`title`) VALUES
  ('忆江南')
  ;
SHOW TABLE `post`;
```

```zsh
+----+-----------+---------------------------------+
| id | title     | content                         |
+----+-----------+---------------------------------+
|  1 | 观月山    | 云月出天山,苍茫云海间           |
|  2 | 望岳      | 会当凌绝顶,一览众山小           |
|  3 | 忆江南    | NULL                            |
+----+-----------+---------------------------------+
3 rows in set (0.00 sec)
```

- 将 "忆江南" 对应的 content 修改为 "日出江花红胜火,春来江水绿如蓝""

```sql
UPDATE `post`
    set `content` = ' 日出江花红胜火,春来江水绿如蓝'
    where `title`='忆江南' -- 筛选出要修改的项 , 否则全部都会被修改
    ;
select * from `post`;
```

```zsh
+----+-----------+---------------------------------------------+
| id | title     | content                                     |
+----+-----------+---------------------------------------------+
|  1 | 观月山    | 云月出天山,苍茫云海间                       |
|  2 | 望岳      | 会当凌绝顶,一览众山小                       |
|  3 | 忆江南    | 日出江花红胜火,春来江水绿如蓝               |
+----+-----------+---------------------------------------------+
3 rows in set (0.00 sec)
```

### 删除数据 DELETE

- 插入新数据

```sql
INSERT INTO `post` (`title` , `content`) VALUES
 ("吃饱" , "吃饱才能'干'");
SELECT * FROM `post`;

-- +----+-----------+---------------------------------------------+
-- | id | title     | content                                     |
-- +----+-----------+---------------------------------------------+
-- |  1 | 观月山    | 云月出天山,苍茫云海间                       |
-- |  2 | 望岳      | 会当凌绝顶,一览众山小                       |
-- |  3 | 忆江南    | 日出江花红胜火,春来江水绿如蓝               |
-- |  4 | 吃饱      | 吃饱才能'干'                                |
-- +----+-----------+---------------------------------------------+

DELETE FROM `post`
 WHERE `id` = 4;
SELECT * FROM `post`;

-- +----+-----------+---------------------------------------------+
-- | id | title     | content                                     |
-- +----+-----------+---------------------------------------------+
-- |  1 | 观月山    | 云月出天山,苍茫云海间                       |
-- |  2 | 望岳      | 会当凌绝顶,一览众山小                       |
-- |  3 | 忆江南    | 日出江花红胜火,春来江水绿如蓝               |
-- +----+-----------+---------------------------------------------+
```

##
